average_trip_duration,average_trip_distance
1812.0582787774952,5.0120906571798916
