Metric,Value
Total Trips,2378003.0
Total Revenue,4.549743940977144E7
Average Trip Distance,5.249191754594191
